governate,area,lat,lng,services,cluster_cairo
Cairo,15th of May City,29.82874569,31.36742056,3.0,11
Cairo,15th of May City,29.842563,31.375574,1.0,11
Cairo,15th of May City,29.82733789,31.36639024,3.0,11
Cairo,15th of May City,29.83380572,31.35630875,3.0,11
Cairo,15th of May City,29.90343934,31.30950563,3.0,4
Cairo,15th of May City,29.842563,31.375574,2.0,11
Cairo,Abbassia,30.07216576,31.2855653,3.0,7
Cairo,Abbassia,30.066169,31.279672,1.0,7
Cairo,Abbassia,30.07101,31.286451,1.0,7
Cairo,Abbassia,30.071681,31.275023,1.0,7
Cairo,Abbassia,30.071193,31.283585,1.0,7
Cairo,Abbassia,30.072515,31.28539,1.0,7
Cairo,Abbassia,30.062917,31.264821,1.0,25
Cairo,Abbassia,30.06172467,31.27192604,3.0,25
Cairo,Abbassia,30.07494,31.287212,1.0,7
Cairo,Abbassia,30.070792,31.276714,1.0,7
Cairo,Abbassia,30.06484,31.279304,3.0,7
Cairo,Abbassia,30.073859,31.293938,3.0,7
Cairo,Abbassia,30.075703,31.28075,1.0,7
Cairo,Abbassia,30.077271,31.277646,1.0,7
Cairo,Abbassia,30.072012,31.283329,1.0,7
Cairo,Abbassia,30.064883,31.274777,1.0,25
Cairo,Abbassia,30.082032,31.287465,1.0,7
Cairo,Abbassia,30.055976,31.27673,1.0,25
Cairo,Abbassia,30.062422,31.273744,1.0,25
Cairo,Abbassia,30.07463,31.278334,1.0,7
Cairo,Abbassia,30.064539,31.281065,1.0,7
Cairo,Abbassia,30.075004,31.280328,1.0,7
Cairo,Abbassia,30.077069,31.289238,1.0,7
Cairo,Abbassia,30.076739,31.288906,1.0,7
Cairo,Abbassia,30.075395,31.276623,1.0,7
Cairo,Abbassia,30.073364,31.27684,1.0,7
Cairo,Abbassia,30.072286,31.276688,1.0,7
Cairo,Abbassia,30.071591,31.288335,3.0,7
Cairo,Abbassia,30.071543,31.288413,1.0,7
Cairo,Abbassia,30.066363,31.285149,3.0,7
Cairo,Abbassia,30.066387,31.285174,1.0,7
Cairo,Abbassia,30.072754,31.278841,1.0,7
Cairo,Abbassia,30.062898,31.284914,1.0,7
Cairo,Abbassia,30.07472198,31.28057614,1.0,7
Cairo,Abbassia,30.066363,31.285149,3.0,7
Cairo,Abbassia,30.073364,31.27684,1.0,7
Cairo,Abbassia,30.066387,31.285174,1.0,7
Cairo,Abbassia,30.064539,31.281065,2.0,7
Cairo,Abbassia,30.071543,31.288413,1.0,7
Cairo,Abbassia,30.075004,31.280328,1.0,7
Cairo,Abbassia,30.07463,31.278334,1.0,7
Cairo,Abbassia,30.075703,31.28075,1.0,7
Cairo,Abbassia,30.062422,31.273744,2.0,25
Cairo,Abbassia,30.062917,31.264821,2.0,25
Cairo,Abbassia,30.070792,31.276714,2.0,7
Cairo,Abbassia,30.072012,31.283329,3.0,7
Cairo,Abbassia,30.064883,31.274777,3.0,25
Cairo,Abbassia,30.082032,31.287465,1.0,7
Cairo,Abbassia,30.077271,31.277646,1.0,7
Cairo,Abbassia,30.072515,31.28539,1.0,7
Cairo,Abbassia,30.075395,31.276623,2.0,7
Cairo,Abbassia,30.066169,31.279672,1.0,7
Cairo,Abbassia,30.071681,31.275023,2.0,7
Cairo,Abbassia,30.072286,31.276688,2.0,7
Cairo,Abbassia,30.071193,31.283585,1.0,7
Cairo,Abdeen,30.039189,31.240701,1.0,1
Cairo,Abdeen,30.03939701,31.24053134,1.0,1
Cairo,Abdeen,30.044694,31.241252,1.0,1
Cairo,Abdeen,30.0485388,31.24426943,1.0,1
Cairo,Abdeen,30.0525326,31.24404837,1.0,1
Cairo,Abdeen,30.03474332,31.23670033,1.0,1
Cairo,Abdeen,30.043209,31.247291,1.0,1
Cairo,Abdeen,30.04554443,31.23715823,3.0,1
Cairo,Abdeen,30.05045378,31.24631628,3.0,1
Cairo,Abdeen,30.05142332,31.24243018,3.0,1
Cairo,Abdeen,30.04942378,31.24535224,3.0,1
Cairo,Abdeen,30.04005018,31.2367296,3.0,1
Cairo,Abdeen,30.0467444,31.24306567,1.0,1
Cairo,Abdeen,30.04806333,31.24416693,3.0,1
Cairo,Abdeen,30.040106,31.236976,1.0,1
Cairo,Abdeen,30.040223,31.235749,1.0,1
Cairo,Abdeen,30.04538,31.244359,1.0,1
Cairo,Abdeen,30.04725821,31.24254593,1.0,1
Cairo,Abdeen,30.04900944,31.24422502,1.0,1
Cairo,Abdeen,30.050892,31.245399,1.0,1
Cairo,Abdeen,30.041733,31.237285,1.0,1
Cairo,Abdeen,30.041744,31.237224,1.0,1
Cairo,Abdeen,29.981782,31.258219,2.0,8
Cairo,Abdeen,30.04530078,31.24371672,1.0,1
Cairo,Abdeen,30.04538,31.244359,1.0,1
Cairo,Abdeen,30.050892,31.245399,2.0,1
Cairo,Abdeen,30.043209,31.247291,1.0,1
Cairo,Abdeen,30.044694,31.241252,2.0,1
Cairo,Abdeen,30.045555,31.241395,2.0,1
Cairo,Abdeen,30.041675,31.238477,3.0,1
Cairo,Abdeen,30.051415,31.24243,3.0,1
Cairo,Ain Shams,30.132631,31.323687,1.0,22
Cairo,Ain Shams,30.139503,31.326609,1.0,22
Cairo,Ain Shams,30.126541,31.330057,1.0,22
Cairo,Ain Shams,30.127901,31.320934,1.0,22
Cairo,Ain Shams,30.094296,31.344778,1.0,10
Cairo,Ain Shams,30.13069,31.338008,1.0,22
Cairo,Ain Shams,30.113412,31.31407,1.0,16
Cairo,Ain Shams,30.13073,31.318725,1.0,22
Cairo,Ain Shams,30.125515,31.349041,3.0,22
Cairo,Ain Shams,30.114154,31.317929,1.0,16
Cairo,Ain Shams,30.114244,31.333264,1.0,10
Cairo,Ain Shams,30.120382,31.31767,1.0,22
Cairo,Ain Shams,30.123735,31.326028,3.0,22
Cairo,Ain Shams,30.12012082,31.32126158,1.0,22
Cairo,Ain Shams,30.11419904,31.3167881,1.0,16
Cairo,Ain Shams,30.114154,31.317929,2.0,16
Cairo,Ain Shams,30.113412,31.31407,1.0,16
Cairo,Ain Shams,30.120382,31.31767,1.0,22
Cairo,Ain Shams,30.139503,31.326609,1.0,22
Cairo,Ain Shams,30.114244,31.333264,1.0,10
Cairo,Ain Shams,30.126541,31.330057,1.0,22
Cairo,Ain Shams,30.132631,31.323687,1.0,22
Cairo,Ain Shams,30.123735,31.326028,3.0,22
Cairo,Ain Shams,30.12597829,31.33127184,1.0,22
Cairo,Ain Shams,30.1255147,31.34904119,3.0,22
Cairo,Ain Shams,30.13069,31.338008,2.0,22
Cairo,Ain Shams,30.12788916,31.34911409,3.0,22
Cairo,Ain Shams,30.13073,31.318725,1.0,22
Cairo,Ain Shams,30.073859,31.293938,3.0,7
Cairo,Ain Shams,30.127901,31.320934,1.0,22
Cairo,Ain Shams,30.125779,31.332679,3.0,22
Cairo,Al Maadi,29.97637,31.285456,1.0,8
Cairo,Al Maadi,29.95796139,31.25869566,3.0,8
Cairo,Al Maadi,29.96107506,31.24753716,3.0,8
Cairo,Al Maadi,29.972066,31.280299,1.0,8
Cairo,Al Maadi,29.987265,31.304763,1.0,20
Cairo,Al Maadi,29.971554,31.271726,1.0,8
Cairo,Al Maadi,29.96644034,31.26888189,1.0,8
Cairo,Al Maadi,29.967786,31.253003,1.0,8
Cairo,Al Maadi,29.960061,31.251618,1.0,8
Cairo,Al Maadi,29.965403,31.26983,1.0,8
Cairo,Al Maadi,29.980378,31.325083,1.0,20
Cairo,Al Maadi,29.96171,31.278464,1.0,8
Cairo,Al Maadi,29.969502,31.252498,1.0,8
Cairo,Al Maadi,29.98208,31.288985,1.0,20
Cairo,Al Maadi,29.98953377,31.2774416,1.0,20
Cairo,Al Maadi,29.95686042,31.26088545,3.0,8
Cairo,Al Maadi,29.96832582,31.27763917,1.0,8
Cairo,Al Maadi,29.977781,31.28472238,3.0,8
Cairo,Al Maadi,29.97608444,31.23443557,3.0,27
Cairo,Al Maadi,29.97646806,31.28957709,1.0,20
Cairo,Al Maadi,29.95880352,31.25949339,3.0,8
Cairo,Al Maadi,29.960939,31.25311,1.0,8
Cairo,Al Maadi,29.961697,31.249657,1.0,8
Cairo,Al Maadi,29.96043,31.257734,1.0,8
Cairo,Al Maadi,29.952874,31.263427,1.0,8
Cairo,Al Maadi,29.970227,31.250617,1.0,8
Cairo,Al Maadi,29.953772,31.267502,3.0,8
Cairo,Al Maadi,29.959583,31.258724,1.0,8
Cairo,Al Maadi,29.967577,31.240559,1.0,8
Cairo,Al Maadi,29.948692,31.265973,1.0,8
Cairo,Al Maadi,29.949794,31.264325,1.0,8
Cairo,Al Maadi,29.956931,31.256727,1.0,8
Cairo,Al Maadi,29.964489,31.263617,1.0,8
Cairo,Al Maadi,29.96499152,31.2389503,3.0,8
Cairo,Al Maadi,29.96905514,31.25998851,1.0,8
Cairo,Al Maadi,29.98246694,31.27423415,3.0,8
Cairo,Al Maadi,29.96791799,31.28742034,3.0,8
Cairo,Al Maadi,29.970227,31.250617,1.0,8
Cairo,Al Maadi,29.96043,31.257734,1.0,8
Cairo,Al Maadi,29.960061,31.251618,2.0,8
Cairo,Al Maadi,29.969502,31.252498,1.0,8
Cairo,Al Maadi,29.965403,31.26983,2.0,8
Cairo,Al Maadi,29.987265,31.304763,2.0,20
Cairo,Al Maadi,29.967786,31.253003,2.0,8
Cairo,Al Maadi,29.980378,31.325083,2.0,20
Cairo,Al Maadi,29.96056736,31.28963342,3.0,8
Cairo,Al Maadi,29.952874,31.263427,1.0,8
Cairo,Al Maadi,29.959583,31.258724,2.0,8
Cairo,Al Maadi,29.960939,31.25311,2.0,8
Cairo,Al Moski,30.04797311,31.25615143,1.0,25
Cairo,Al Moski,30.05112925,31.25004762,3.0,1
Cairo,Al Moski,30.052356,31.246894,1.0,1
Cairo,Al Moski,30.052356,31.246894,2.0,1
Cairo,Al Qatameya,29.995565,31.405084,3.0,9
Cairo,Al Qatameya,30.016703,31.41206,3.0,23
Cairo,Al Qatameya,29.981949,31.426192,1.0,23
Cairo,Al Qatameya,29.995753,31.405344,1.0,9
Cairo,Al Qatameya,29.971479,31.399367,1.0,9
Cairo,Al Qatameya,29.981949,31.426192,2.0,23
Cairo,Al Qatameya,29.971479,31.399367,3.0,9
Cairo,Al Qatameya,29.995753,31.405344,1.0,9
Cairo,Al Qatameya,29.995565,31.405084,3.0,9
Cairo,Al Salam City,30.158873,31.412884,1.0,0
Cairo,Al Salam City,30.144612,31.397074,1.0,0
Cairo,Al Salam City,30.13280608,31.37776844,1.0,5
Cairo,Al Salam City,30.143519,31.40439,1.0,0
Cairo,Al Salam City,30.134823,31.383991,1.0,0
Cairo,Al Salam City,30.177462,31.419407,1.0,0
Cairo,Al Salam City,30.169398,31.457406,1.0,18
Cairo,Al Salam City,30.16820294,31.4104506,3.0,0
Cairo,Al Salam City,30.166652,31.42157,1.0,0
Cairo,Al Salam City,30.166663,31.42156,1.0,0
Cairo,Al Salam City,30.152715,31.429644,1.0,0
Cairo,Al Salam City,30.13797641,31.37923632,1.0,0
Cairo,Al Salam City,30.15908773,31.41264909,1.0,0
Cairo,Al Salam City,30.16967358,31.40938496,1.0,0
Cairo,Al Salam City,30.14963273,31.42039277,1.0,0
Cairo,Al Salam City,30.13054974,31.36627958,2.0,5
Cairo,Al Salam City,30.143519,31.40439,1.0,0
Cairo,Al Salam City,30.134823,31.383991,3.0,0
Cairo,Al Salam City,30.158873,31.412884,2.0,0
Cairo,Al Salam City,30.169398,31.457406,2.0,18
Cairo,Al Salam City,30.144612,31.397074,2.0,0
Cairo,Al Salam City,30.166652,31.42157,1.0,0
Cairo,Al Salam City,30.152715,31.429644,1.0,0
Cairo,Al Salam City,30.166663,31.42156,2.0,0
Cairo,Al Salam City,30.157614,31.408182,3.0,0
Cairo,Al Salam City,30.136217,31.362583,3.0,22
Cairo,Al Salam City,30.177462,31.419407,1.0,0
Cairo,Al Shorouk City,30.16408011,31.61181357,1.0,17
Cairo,Al Shorouk City,30.166049,31.603177,1.0,17
Cairo,Al Shorouk City,30.155149,31.612069,1.0,17
Cairo,Al Shorouk City,30.15987339,31.59592079,1.0,17
Cairo,Al Shorouk City,30.165347,31.556009,1.0,17
Cairo,Al Shorouk City,30.169095,31.596939,1.0,17
Cairo,Al Shorouk City,30.15894052,31.47104474,1.0,18
Cairo,Al Shorouk City,30.161151,31.603932,1.0,17
Cairo,Al Shorouk City,30.158948,31.470908,1.0,18
Cairo,Al Shorouk City,30.16440044,31.56288424,3.0,17
Cairo,Al Shorouk City,30.166049,31.603177,1.0,17
Cairo,Al Shorouk City,30.1592581,31.4709688,3.0,18
Cairo,Al Shorouk City,30.11455988,31.60703108,3.0,3
Cairo,Al Shorouk City,30.16437189,31.65150509,3.0,17
Cairo,Al Shorouk City,30.15653586,31.65851567,3.0,17
Cairo,Al Shorouk City,30.15118973,31.6115737,3.0,17
Cairo,Al Shorouk City,30.14727735,31.60715008,3.0,17
Cairo,Al Shorouk City,30.169095,31.596939,1.0,17
Cairo,Al Shorouk City,30.08713383,31.47967413,1.0,21
Cairo,Alameraya,30.107258,31.296789,1.0,16
Cairo,Alameraya,30.104607,31.295605,1.0,16
Cairo,Alameraya,30.106158,31.288383,1.0,16
Cairo,Alameraya,30.106152,31.288425,1.0,16
Cairo,Alameraya,30.106158,31.288383,1.0,16
Cairo,Alameraya,30.106152,31.288425,1.0,16
Cairo,Al-Azhar,30.04731002,31.25455458,1.0,25
Cairo,Al-Darasah,30.055517,31.275838,1.0,25
Cairo,Al-Darasah,30.045986,31.270861,1.0,25
Cairo,Al-Darasah,30.05237949,31.27499391,1.0,25
Cairo,Al-Darasah,30.04690266,31.26772253,3.0,25
Cairo,Al-Darasah,30.04644,31.271511,1.0,25
Cairo,Al-Darasah,30.045474,31.270297,1.0,25
Cairo,Al-Darasah,30.045482,31.270343,1.0,25
Cairo,Al-Darasah,30.0451959,31.27024145,1.0,25
Cairo,Al-Darasah,30.045105,31.266483,1.0,25
Cairo,Al-Darasah,30.052786,31.273161,3.0,25
Cairo,Al-Darasah,30.04644,31.271511,1.0,25
Cairo,Al-Darasah,30.045105,31.266483,1.0,25
Cairo,Al-Darasah,30.045986,31.270861,2.0,25
Cairo,Alkhalifa,30.03636734,31.25181183,3.0,1
Cairo,Alkhalifa,30.025459,31.263542,1.0,1
Cairo,Almaasara,29.891108,31.304002,1.0,4
Cairo,Almaasara,29.895589,31.298851,1.0,4
Cairo,Almaasara,29.906361,31.299577,1.0,4
Cairo,Almaasara,29.89717,31.304021,1.0,4
Cairo,Almaasara,29.87923,31.313375,1.0,4
Cairo,Almaasara,29.8924578,31.29441,1.0,4
Cairo,Almaasara,29.906361,31.299577,1.0,4
Cairo,Almaasara,29.89717,31.304021,1.0,4
Cairo,Almaasara,29.87923,31.313375,1.0,4
Cairo,Al-Matariyyah,30.123707,31.28847,1.0,16
Cairo,Al-Matariyyah,30.129533,31.311682,1.0,22
Cairo,Al-Matariyyah,30.110838,31.304219,1.0,16
Cairo,Al-Matariyyah,30.121499,31.313731,1.0,16
Cairo,Al-Matariyyah,30.13942533,31.31534182,1.0,22
Cairo,Al-Matariyyah,30.110838,31.304219,1.0,16
Cairo,Al-Matariyyah,30.123707,31.28847,1.0,16
Cairo,Al-Matariyyah,30.129533,31.311682,1.0,22
Cairo,Almazah,30.081714,31.364977,3.0,29
Cairo,Almazah,30.08344846,31.37962425,3.0,5
Cairo,Almazah,30.083413,31.380215,3.0,5
Cairo,Almazah,30.090653,31.349038,1.0,10
Cairo,Almazah,30.083413,31.380215,2.0,5
Cairo,Almazah,30.081714,31.364977,3.0,29
Cairo,Almirag City,29.983552,31.316266,3.0,20
Cairo,Almirag City,29.96814789,31.31307927,3.0,20
Cairo,Al-Mokattam,30.01617357,31.28147871,3.0,20
Cairo,Al-Mokattam,30.008391,31.311283,1.0,20
Cairo,Al-Mokattam,30.013211,31.28908,1.0,20
Cairo,Al-Mokattam,29.99406533,31.29640519,1.0,20
Cairo,Al-Mokattam,30.01395041,31.32274964,3.0,20
Cairo,Al-Mokattam,29.97907231,31.43405756,3.0,23
Cairo,Al-Mokattam,29.95983772,31.27812168,3.0,8
Cairo,Al-Mokattam,30.01690353,31.28169478,3.0,20
Cairo,Al-Mokattam,29.98320796,31.3394141,3.0,20
Cairo,Al-Mokattam,30.00938077,31.34021122,3.0,20
Cairo,Al-Mokattam,30.01099329,31.33433198,3.0,20
Cairo,Al-Mokattam,29.98689544,31.30994852,3.0,20
Cairo,Al-Mokattam,30.01860058,31.29866668,3.0,20
Cairo,Al-Mokattam,30.013211,31.28908,2.0,20
Cairo,Al-Mokattam,30.008391,31.311283,1.0,20
Cairo,Al-Mokattam,29.99483753,31.32127283,3.0,20
Cairo,Al-Mokattam,30.01339043,31.2866047,1.0,20
Cairo,Al-Mokattam,30.01395,31.32275,3.0,20
Cairo,Alnozhah,30.119142,31.389656,1.0,5
Cairo,Alnozhah,30.10895,31.388221,1.0,5
Cairo,Alnozhah,30.108902,31.388265,3.0,5
Cairo,Alnozhah,30.10880038,31.35015039,3.0,10
Cairo,Alnozhah,30.10393475,31.34402787,3.0,10
Cairo,Alnozhah,30.11184,31.39892,1.0,5
Cairo,Alnozhah,30.127452,31.401412,1.0,0
Cairo,Alnozhah,30.11411,31.396824,1.0,5
Cairo,Alnozhah,30.12762472,31.40244492,1.0,0
Cairo,Alnozhah,30.12853,31.403166,3.0,0
Cairo,Alnozhah,30.128063,31.399607,1.0,0
Cairo,Alnozhah,30.127897,31.399315,1.0,0
Cairo,Alnozhah,30.127149,31.404621,1.0,0
Cairo,Alnozhah,30.115871,31.393739,3.0,5
Cairo,Alnozhah,30.102142,31.351971,1.0,10
Cairo,Alnozhah,30.137934,31.39468,1.0,0
Cairo,Alnozhah,30.140579,31.417634,1.0,0
Cairo,Alnozhah,30.118375,31.402733,3.0,5
Cairo,Alnozhah,30.103388,31.349019,1.0,10
Cairo,Alnozhah,30.12402648,31.36414896,1.0,5
Cairo,Alnozhah,30.10511334,31.35012904,1.0,10
Cairo,Alnozhah,30.11814215,31.40820941,1.0,5
Cairo,Alnozhah,30.124286,31.348019,3.0,22
Cairo,Alnozhah,30.121441,31.401813,3.0,5
Cairo,Alnozhah,30.127807,31.360578,3.0,22
Cairo,Alnozhah,30.147615,31.420499,3.0,0
Cairo,Alnozhah,30.140284,31.394262,1.0,0
Cairo,Alnozhah,30.130828,31.37307,1.0,5
Cairo,Alnozhah,30.113699,31.395402,3.0,5
Cairo,Alnozhah,30.113739,31.395544,1.0,5
Cairo,Alnozhah,30.100491,31.37245,1.0,5
Cairo,Alnozhah,30.11844,31.402728,1.0,5
Cairo,Alnozhah,30.118077,31.403339,3.0,5
Cairo,Alnozhah,30.10511334,31.35012904,2.0,10
Cairo,Alnozhah,30.13874537,31.42411586,3.0,0
Cairo,Alnozhah,30.10442518,31.32915518,1.0,10
Cairo,Alnozhah,30.13517242,31.45545942,3.0,18
Cairo,Alnozhah,30.140579,31.417634,1.0,0
Cairo,Alnozhah,30.137934,31.39468,2.0,0
Cairo,Alnozhah,30.10942126,31.32843189,3.0,10
Cairo,Alnozhah,30.13724157,31.42623427,3.0,0
Cairo,Alnozhah,30.11288781,31.34857865,3.0,10
Cairo,Alnozhah,30.138907,31.464961,3.0,18
Cairo,Alnozhah,30.121441,31.401813,3.0,5
Cairo,Alnozhah,30.119142,31.389656,3.0,5
Cairo,Alnozhah,30.090653,31.349038,1.0,10
Cairo,Alnozhah,30.140284,31.394262,1.0,0
Cairo,Alnozhah,30.130828,31.37307,1.0,5
Cairo,Alnozhah,30.127807,31.360578,1.0,22
Cairo,Alnozhah,30.147615,31.420499,3.0,0
Cairo,Alnozhah,30.094296,31.344778,1.0,10
Cairo,Alnozhah,30.139667,31.393166,3.0,0
Cairo,Alnozhah,30.142973,31.404258,3.0,0
Cairo,Alnozhah,30.112461,31.344672,1.0,10
Cairo,Alsahel,30.0795,31.248054,1.0,14
Cairo,Alsahel,30.08077305,31.24499771,3.0,14
Cairo,Alsahel,30.094251,31.236818,1.0,14
Cairo,Alsahel,30.08041947,31.24300213,1.0,14
Cairo,Alsahel,30.09137418,31.2354132,1.0,14
Cairo,Alsahel,30.091072,31.251282,1.0,14
Cairo,Alsahel,30.090978,31.251324,3.0,14
Cairo,Alsahel,30.10255142,31.2436953,3.0,14
Cairo,Alsahel,30.097703,31.245179,1.0,14
Cairo,Alsahel,30.104033,31.245602,1.0,14
Cairo,Alsahel,30.088006,31.245571,1.0,14
Cairo,Alsahel,30.0967,31.23914,1.0,14
Cairo,Alsahel,30.096545,31.239104,1.0,14
Cairo,Alsahel,30.089765,31.245467,1.0,14
Cairo,Alsahel,30.07954071,31.24805744,3.0,14
Cairo,Alsahel,30.09654451,31.23910419,1.0,14
Cairo,Alsahel,30.0967,31.23914,1.0,14
Cairo,Alsahel,30.09097792,31.25132374,3.0,14
Cairo,Alsahel,30.089765,31.245467,1.0,14
Cairo,Alsahel,30.09092643,31.25133786,1.0,14
Cairo,Alsahel,30.091072,31.251282,2.0,14
Cairo,Alsahel,30.104033,31.245602,1.0,14
Cairo,Alsahel,30.087968,31.245476,1.0,14
Cairo,Alsahel,30.097703,31.245179,1.0,14
Cairo,Alsahel,30.094251,31.236818,1.0,14
Cairo,Alsahel,30.0795,31.248054,2.0,14
Cairo,Alsahel,30.086346,31.245586,3.0,14
Cairo,Al-Sayeda Zeinab,30.03775884,31.24960743,3.0,1
Cairo,Al-Sayeda Zeinab,30.034433,31.234171,1.0,1
Cairo,Al-Sayeda Zeinab,30.036415,31.237834,1.0,1
Cairo,Al-Sayeda Zeinab,30.031582,31.243677,1.0,1
Cairo,Al-Sayeda Zeinab,30.034304,31.240485,1.0,1
Cairo,Al-Sayeda Zeinab,30.03473547,31.23893093,3.0,1
Cairo,Al-Sayeda Zeinab,30.0372,31.239668,1.0,1
Cairo,Al-Sayeda Zeinab,30.039719,31.236159,1.0,1
Cairo,Al-Sayeda Zeinab,30.039688,31.236232,1.0,1
Cairo,Al-Sayeda Zeinab,30.029405,31.235348,1.0,1
Cairo,Al-Sayeda Zeinab,30.037113,31.238087,1.0,1
Cairo,Al-Sayeda Zeinab,30.040114,31.250926,1.0,1
Cairo,Al-Sayeda Zeinab,30.035028,31.23773,1.0,1
Cairo,Al-Sayeda Zeinab,30.024583,31.241886,1.0,1
Cairo,Al-Sayeda Zeinab,30.035218,31.233868,1.0,1
Cairo,Al-Sayeda Zeinab,30.039034,31.237838,1.0,1
Cairo,Al-Sayeda Zeinab,30.039088,31.237854,1.0,1
Cairo,Al-Sayeda Zeinab,30.03299652,31.24596139,3.0,1
Cairo,Al-Sayeda Zeinab,30.037113,31.238087,2.0,1
Cairo,Al-Sayeda Zeinab,30.031582,31.243677,2.0,1
Cairo,Al-Sayeda Zeinab,30.024583,31.241886,2.0,1
Cairo,Al-Sayeda Zeinab,30.040114,31.250926,2.0,1
Cairo,Al-Sayeda Zeinab,30.035218,31.233868,2.0,1
Cairo,Al-Sayeda Zeinab,30.029405,31.235348,1.0,1
Cairo,Al-Sayeda Zeinab,30.039719,31.236159,2.0,1
Cairo,Al-Sayeda Zeinab,30.039688,31.236232,3.0,1
Cairo,Al-Sayeda Zeinab,30.034731,31.236695,3.0,1
Cairo,Alshrabia,30.06893,31.264372,3.0,25
Cairo,Alshrabia,30.06893,31.264372,3.0,25
Cairo,Alwaily,30.071363,31.293122,1.0,7
Cairo,Alwaily,30.07496442,31.28724247,1.0,7
Cairo,Alwaily,30.07454529,31.2898065,1.0,7
Cairo,Alwaily,30.084289,31.292315,1.0,7
Cairo,Alwaily,30.080229,31.290848,1.0,7
Cairo,Alwaily,30.07441948,31.30118531,1.0,7
Cairo,Alwaily,30.07183707,31.28668859,3.0,7
Cairo,Alwaily,30.08070574,31.29952154,3.0,7
Cairo,Alwaily,30.08541292,31.29432911,1.0,7
Cairo,Alwaily,30.0819496,31.29314698,3.0,7
Cairo,Alwaily,30.07851404,31.28506579,3.0,7
Cairo,Alwaily,30.07757232,31.28171457,3.0,7
Cairo,Alwaily,30.07779551,31.28486159,3.0,7
Cairo,Alwaily,30.07759183,31.28635828,3.0,7
Cairo,Alwaily,30.077141,31.287004,3.0,7
Cairo,Alwaily,30.071363,31.293122,1.0,7
Cairo,Alwaily,30.080229,31.290848,2.0,7
Cairo,Alwaily,30.084289,31.292315,2.0,7
Cairo,Alzaher,30.06249761,31.26748652,1.0,25
Cairo,Alzaher,30.064662,31.258552,1.0,25
Cairo,Alzaher,30.0463229,31.25404872,3.0,1
Cairo,Alzaher,30.064662,31.258552,2.0,25
Cairo,Alzawya Elhamra,30.0936,31.274803,1.0,7
Cairo,Alzawya Elhamra,30.0936,31.274803,1.0,7
Cairo,Alzawya Elhamra,30.094538,31.270575,3.0,7
Cairo,Bab elsharya,30.061568,31.266013,1.0,25
Cairo,Bab elsharya,30.061766,31.266902,1.0,25
Cairo,Bab elsharya,30.053973,31.255965,1.0,25
Cairo,Bab elsharya,30.06156806,31.26601314,1.0,25
Cairo,Bab elsharya,30.053973,31.255965,2.0,25
Cairo,Bab elsharya,30.061766,31.266902,3.0,25
Cairo,Badr City,30.146057,31.747954,1.0,12
Cairo,Badr City,30.17858207,31.76849931,1.0,12
Cairo,Badr City,30.13716443,31.7258525,1.0,12
Cairo,Badr City,30.1372964,31.71804576,3.0,12
Cairo,Bolak,30.06980482,31.22726416,3.0,28
Cairo,Bolak,30.063852,31.227839,3.0,28
Cairo,Bolak,30.0684,31.230328,2.0,28
Cairo,Bolak,30.068299,31.230263,1.0,28
Cairo,Bolak,30.067097,31.227197,2.0,28
Cairo,Bolak,30.052823,31.244112,2.0,1
Cairo,Bolak,30.067192,31.227171,2.0,28
Cairo,Bolak,30.071783,31.227447,1.0,28
Cairo,Bolak,30.071681,31.227419,3.0,28
Cairo,Bolak,30.071681,31.227419,1.0,28
Cairo,Bolak,30.068299,31.230263,1.0,28
Cairo,Bolak,30.0684,31.230328,1.0,28
Cairo,Bolak,30.063531,31.235202,1.0,28
Cairo,Bolak,30.063373,31.235318,1.0,28
Cairo,Bolak,30.067192,31.227171,1.0,28
Cairo,Bolak,30.067097,31.227197,1.0,28
Cairo,Bolak,30.056804,31.239295,1.0,28
Cairo,Bolak,30.052823,31.244112,1.0,1
Cairo,Bolak,30.06124105,31.22764583,3.0,28
Cairo,Bolak,30.05662272,31.23870944,1.0,28
Cairo,Bolak,30.071783,31.227447,3.0,28
Cairo,Bolak,30.063852,31.227839,3.0,28
Cairo,Bolak,30.065588,31.227662,1.0,28
Cairo,Bolak,30.06564,31.227666,1.0,28
Cairo,Bolak,30.0503263,31.232182,1.0,1
Cairo,Bolak,30.0503263,31.232182,3.0,1
Cairo,Dar El Salam,29.984219,31.246047,1.0,27
Cairo,Dar El Salam,29.981863,31.242316,1.0,27
Cairo,Dar El Salam,29.98147218,31.24124195,1.0,27
Cairo,Dar El Salam,29.98464498,31.24304176,3.0,27
Cairo,Dar El Salam,29.981863,31.242316,1.0,27
Cairo,Dar El Salam,29.984219,31.246047,2.0,27
Cairo,Downtown,30.06062308,31.24591822,2.0,28
Cairo,Downtown,30.05341307,31.24217343,2.0,1
Cairo,Downtown,30.05345505,31.24217462,1.0,1
Cairo,Downtown,30.04609,31.231899,1.0,1
Cairo,Downtown,30.0378012,31.23340975,3.0,1
Cairo,Downtown,30.0532188,31.23944466,3.0,1
Cairo,Downtown,30.047943,31.233991,3.0,1
Cairo,Downtown,30.048127,31.233992,1.0,1
Cairo,Downtown,30.054071,31.246022,1.0,1
Cairo,Downtown,30.04448732,31.23330873,3.0,1
Cairo,Downtown,30.04447386,31.23330109,1.0,1
Cairo,Downtown,30.053212,31.239469,1.0,1
Cairo,Downtown,30.053195,31.239529,1.0,1
Cairo,Downtown,30.046025,31.231895,3.0,1
Cairo,Downtown,30.046002,31.231895,1.0,1
Cairo,Downtown,30.042443,31.232386,3.0,1
Cairo,Downtown,30.04149503,31.23542674,3.0,1
Cairo,Downtown,30.038724,31.230295,3.0,1
Cairo,Downtown,30.044179,31.234499,3.0,1
Cairo,Downtown,30.056994,31.242312,3.0,28
Cairo,Downtown,30.053317,31.239628,1.0,1
Cairo,Downtown,30.062773,31.246209,3.0,28
Cairo,Downtown,30.053249,31.239341,1.0,1
Cairo,Downtown,30.04684341,31.23776411,3.0,1
Cairo,Downtown,30.051861,31.238801,1.0,1
Cairo,Downtown,30.03220063,31.23208748,3.0,1
Cairo,Downtown,30.042687,31.235178,1.0,1
Cairo,Downtown,30.041945,31.232721,1.0,1
Cairo,Downtown,30.055502,31.22949,1.0,28
Cairo,Downtown,30.044487,31.233309,3.0,1
Cairo,Downtown,30.04794302,31.23399088,3.0,1
Cairo,Downtown,30.05236817,31.23816846,1.0,1
Cairo,Downtown,30.04472488,31.2468368,1.0,1
Cairo,Downtown,30.048966,31.244224,2.0,1
Cairo,Downtown,30.056994,31.242312,3.0,28
Cairo,Downtown,30.044179,31.234499,3.0,1
Cairo,Downtown,30.053317,31.239628,2.0,1
Cairo,Downtown,30.042443,31.232386,3.0,1
Cairo,Downtown,30.053249,31.239341,1.0,1
Cairo,Downtown,30.048127,31.233992,2.0,1
Cairo,Downtown,30.054071,31.246022,3.0,1
Cairo,Downtown,30.053212,31.239469,1.0,1
Cairo,Downtown,30.053195,31.239529,2.0,1
Cairo,Downtown,30.051213,31.242774,2.0,1
Cairo,Downtown,30.062773,31.246209,3.0,28
Cairo,Downtown,30.050603,31.245367,2.0,1
Cairo,Downtown,30.055502,31.22949,2.0,28
Cairo,El marg,30.145813,31.343116,1.0,22
Cairo,El marg,30.152142,31.335551,1.0,22
Cairo,El marg,30.163697,31.338333,1.0,22
Cairo,El marg,30.151328,31.370864,1.0,0
Cairo,El marg,30.141466,31.333032,1.0,22
Cairo,El marg,30.14122684,31.33684282,2.0,22
Cairo,El marg,30.148373,31.342198,3.0,22
Cairo,El marg,30.152142,31.335551,1.0,22
Cairo,El marg,30.163697,31.338333,1.0,22
Cairo,El marg,29.98227607,31.3119892,3.0,20
Cairo,El marg,30.141466,31.333032,1.0,22
Cairo,El marg,30.151328,31.370864,1.0,0
Cairo,El marg,30.145813,31.343116,1.0,22
Cairo,El marg,30.151248,31.341824,3.0,22
Cairo,El marg,30.141419,31.331208,3.0,22
Cairo,EL Rehab,30.060561,31.482582,1.0,21
Cairo,EL Rehab,30.05888665,31.49229828,3.0,21
Cairo,EL Rehab,30.07019,31.519106,1.0,21
Cairo,EL Rehab,30.05754456,31.50864427,3.0,21
Cairo,EL Rehab,30.060561,31.482582,1.0,21
Cairo,EL Rehab,30.07019,31.519106,1.0,21
Cairo,EL Rehab,30.064836,31.477961,3.0,21
Cairo,Eltebeen,29.785733,31.307111,1.0,11
Cairo,Eltebeen,29.785742,31.307092,1.0,11
Cairo,Eltebeen,29.785733,31.307111,1.0,11
Cairo,Elzaytoon,30.09875,31.30279,1.0,16
Cairo,Elzaytoon,30.1028554,31.30264096,1.0,16
Cairo,Elzaytoon,30.097913,31.307154,1.0,16
Cairo,Elzaytoon,30.109879,31.309546,1.0,16
Cairo,Elzaytoon,30.111651,31.316912,1.0,16
Cairo,Elzaytoon,30.105577,31.307261,1.0,16
Cairo,Elzaytoon,30.101603,31.309961,1.0,16
Cairo,Elzaytoon,30.105929,31.310474,1.0,16
Cairo,Elzaytoon,30.091247,31.298944,1.0,16
Cairo,Elzaytoon,30.097707,31.304493,1.0,16
Cairo,Elzaytoon,30.087236,31.294132,1.0,7
Cairo,Elzaytoon,30.10274828,31.30307526,1.0,16
Cairo,Elzaytoon,30.10873403,31.29249034,1.0,16
Cairo,Elzaytoon,30.10663389,31.28858172,1.0,16
Cairo,Elzaytoon,30.09946517,31.31456108,3.0,16
Cairo,Elzaytoon,30.10671168,31.32330361,3.0,10
Cairo,Elzaytoon,30.107258,31.296789,2.0,16
Cairo,Elzaytoon,30.091247,31.298944,1.0,16
Cairo,Elzaytoon,30.087236,31.294132,1.0,7
Cairo,Elzaytoon,30.105929,31.310474,1.0,16
Cairo,Elzaytoon,30.097707,31.304493,1.0,16
Cairo,Elzaytoon,30.101603,31.309961,1.0,16
Cairo,Elzaytoon,30.111651,31.316912,1.0,16
Cairo,Elzaytoon,30.09875,31.30279,1.0,16
Cairo,Elzaytoon,30.109879,31.309546,1.0,16
Cairo,Elzaytoon,30.105577,31.307261,1.0,16
Cairo,Elzaytoon,30.097913,31.307154,1.0,16
Cairo,Elzaytoon,30.102844,31.302685,1.0,16
Cairo,Garden City,30.03719446,31.23965018,3.0,1
Cairo,Garden City,30.038724,31.230295,3.0,1
Cairo,Hadayek El Kobba,30.08444,31.282101,1.0,7
Cairo,Hadayek El Kobba,30.093135,31.2764,1.0,7
Cairo,Hadayek El Kobba,30.086036,31.286575,1.0,7
Cairo,Hadayek El Kobba,30.07945156,31.27908738,3.0,7
Cairo,Hadayek El Kobba,30.08735,31.28372156,3.0,7
Cairo,Hadayek El Kobba,30.07788239,31.27447615,3.0,7
Cairo,Hadayek El Kobba,30.08825273,31.27419132,3.0,7
Cairo,Hadayek El Kobba,30.093135,31.2764,1.0,7
Cairo,Hadayek El Kobba,30.086036,31.286575,1.0,7
Cairo,Hadayek El Kobba,30.08444,31.282101,1.0,7
Cairo,Hadayek El Kobba,30.086414,31.283095,3.0,7
Cairo,Hadayek El Kobba,30.089218,31.285814,3.0,7
Cairo,Heliopolis,30.09596822,31.32519342,1.0,10
Cairo,Heliopolis,30.086176,31.300918,1.0,16
Cairo,Heliopolis,30.09166046,31.30632477,1.0,16
Cairo,Heliopolis,30.09010356,31.34114395,3.0,10
Cairo,Heliopolis,30.084831,31.29708,1.0,7
Cairo,Heliopolis,30.086155,31.347898,1.0,10
Cairo,Heliopolis,30.104774,31.32999,1.0,10
Cairo,Heliopolis,30.079038,31.301974,1.0,7
Cairo,Heliopolis,30.081559,31.306701,1.0,2
Cairo,Heliopolis,30.09129556,31.31897979,3.0,16
Cairo,Heliopolis,30.07634807,31.3016292,1.0,7
Cairo,Heliopolis,30.11381,31.338883,1.0,10
Cairo,Heliopolis,30.074971,31.304027,1.0,2
Cairo,Heliopolis,30.0992894,31.32447137,3.0,10
Cairo,Heliopolis,30.09071331,31.32082406,3.0,16
Cairo,Heliopolis,30.084337,31.316583,1.0,2
Cairo,Heliopolis,30.091918,31.309173,1.0,16
Cairo,Heliopolis,30.086022,31.303021,3.0,16
Cairo,Heliopolis,30.092066,31.3089,3.0,16
Cairo,Heliopolis,30.091713,31.326371,1.0,10
Cairo,Heliopolis,30.118761,31.340027,3.0,10
Cairo,Heliopolis,30.108088,31.33849,1.0,10
Cairo,Heliopolis,30.102269,31.33157,3.0,10
Cairo,Heliopolis,30.091456,31.33637,1.0,10
Cairo,Heliopolis,30.104581,31.338378,1.0,10
Cairo,Heliopolis,30.091767,31.306446,1.0,16
Cairo,Heliopolis,30.106737,31.336032,3.0,10
Cairo,Heliopolis,30.107845,31.348148,1.0,10
Cairo,Heliopolis,30.09128324,31.3217572,3.0,16
Cairo,Heliopolis,30.08042801,31.30830979,1.0,2
Cairo,Heliopolis,30.08368311,31.30966609,1.0,2
Cairo,Heliopolis,30.10673712,31.33603248,3.0,10
Cairo,Heliopolis,30.118761,31.340027,3.0,10
Cairo,Heliopolis,30.10808773,31.33848953,1.0,10
Cairo,Heliopolis,30.10226922,31.3315702,3.0,10
Cairo,Heliopolis,30.09481848,31.31347113,1.0,16
Cairo,Heliopolis,30.0844375,31.30401054,3.0,16
Cairo,Heliopolis,30.0864419,31.30427806,1.0,16
Cairo,Heliopolis,30.09351569,31.32039039,3.0,16
Cairo,Heliopolis,30.09302344,31.31617377,1.0,16
Cairo,Heliopolis,30.098402,31.317043,3.0,16
Cairo,Heliopolis,30.086022,31.303021,3.0,16
Cairo,Heliopolis,30.091767,31.306446,2.0,16
Cairo,Heliopolis,30.0936174,31.32385366,3.0,10
Cairo,Heliopolis,30.10346287,31.34577581,1.0,10
Cairo,Heliopolis,30.091713,31.326371,3.0,10
Cairo,Heliopolis,30.092066,31.3089,3.0,16
Cairo,Heliopolis,30.107845,31.348148,1.0,10
Cairo,Heliopolis,30.104774,31.32999,1.0,10
Cairo,Heliopolis,30.086176,31.300918,2.0,16
Cairo,Heliopolis,30.084337,31.316583,2.0,2
Cairo,Heliopolis,30.091918,31.309173,2.0,16
Cairo,Heliopolis,30.08655,31.308322,3.0,16
Cairo,Helwan,29.84257,31.304645,1.0,11
Cairo,Helwan,29.847929,31.328819,1.0,11
Cairo,Helwan,29.86328486,31.31598874,1.0,11
Cairo,Helwan,29.865055,31.318135,1.0,11
Cairo,Helwan,29.84862106,31.33290654,3.0,11
Cairo,Helwan,29.864626,31.332533,1.0,11
Cairo,Helwan,29.86451,31.33254,1.0,11
Cairo,Helwan,29.834543,31.345803,1.0,11
Cairo,Helwan,29.85214067,31.33785294,3.0,11
Cairo,Helwan,29.869515,31.319928,3.0,4
Cairo,Helwan,29.849069,31.334194,1.0,11
Cairo,Helwan,29.862341,31.3253,1.0,11
Cairo,Helwan,29.852085,31.338707,1.0,11
Cairo,Helwan,29.836532,31.327216,1.0,11
Cairo,Helwan,29.84212,31.337414,1.0,11
Cairo,Helwan,29.877955,31.288686,1.0,4
Cairo,Helwan,29.85008854,31.32524469,3.0,11
Cairo,Helwan,29.834543,31.345803,1.0,11
Cairo,Helwan,29.84212,31.337414,2.0,11
Cairo,Helwan,29.891108,31.304002,1.0,4
Cairo,Helwan,29.84507108,31.3339237,1.0,11
Cairo,Helwan,29.85113557,31.33252648,3.0,11
Cairo,Helwan,29.84877916,31.33900263,3.0,11
Cairo,Helwan,29.852085,31.338707,2.0,11
Cairo,Helwan,29.864626,31.332533,2.0,11
Cairo,Helwan,29.836532,31.327216,2.0,11
Cairo,Helwan,29.84257,31.304645,2.0,11
Cairo,Helwan,29.86451,31.33254,3.0,11
Cairo,Helwan,29.877955,31.288686,2.0,4
Cairo,Helwan,29.865055,31.318135,1.0,11
Cairo,Helwan,29.86329,31.315998,2.0,11
Cairo,Helwan,29.869515,31.319928,3.0,4
Cairo,Helwan,29.862341,31.3253,3.0,11
Cairo,Helwan,29.849069,31.334194,1.0,11
Cairo,Helwan,29.89685168,31.30387859,1.0,4
Cairo,Helwan,29.84599371,31.32104131,2.0,11
Cairo,Helwan,29.848625,31.332872,3.0,11
Cairo,Helwan,29.834573,31.352476,3.0,11
Cairo,Izbet Alhagana,30.081608,31.401072,3.0,5
Cairo,Izbet Alhagana,30.08160753,31.40107219,3.0,5
Cairo,Izbet Alhagana,30.08136549,31.36461445,3.0,29
Cairo,Izbet Alhagana,30.0551702,31.3800279,3.0,15
Cairo,Izbet Alhagana,30.051471,31.397258,3.0,15
Cairo,Izbet Alnakhl,30.139285,31.324932,1.0,22
Cairo,Izbet Alnakhl,30.139432,31.324463,1.0,22
Cairo,Izbet Alnakhl,30.139432,31.324463,1.0,22
Cairo,Izbet Alnakhl,30.139285,31.324932,1.0,22
Cairo,Madinaty,30.10726075,31.64695553,1.0,3
Cairo,Madinaty,30.084686,31.639142,1.0,3
Cairo,Madinaty,30.106097,31.630548,1.0,3
Cairo,Madinaty,30.084686,31.639142,3.0,3
Cairo,Madinaty,30.084686,31.639142,1.0,3
Cairo,Madinaty,30.106097,31.630548,1.0,3
Cairo,Manial El Rodah,30.03150635,31.22600199,3.0,1
Cairo,Manial El Rodah,30.018098,31.22491,1.0,27
Cairo,Manial El Rodah,30.01915855,31.2250622,1.0,27
Cairo,Manial El Rodah,30.027477,31.22974,1.0,1
Cairo,Manial El Rodah,30.017275,31.230969,1.0,27
Cairo,Manial El Rodah,30.012052,31.222638,1.0,27
Cairo,Manial El Rodah,30.031932,31.225295,3.0,1
Cairo,Manial El Rodah,30.027477,31.22974,2.0,1
Cairo,Manial El Rodah,30.012052,31.222638,2.0,27
Cairo,Manial El Rodah,30.018098,31.22491,2.0,27
Cairo,Manial El Rodah,30.017275,31.230969,1.0,27
Cairo,Manial El Rodah,30.01342367,31.22411475,3.0,27
Cairo,Misr Alqadima,29.99450049,31.23055813,1.0,27
Cairo,Misr Alqadima,30.005656,31.232944,1.0,27
Cairo,Misr Alqadima,30.002444,31.243505,1.0,27
Cairo,Misr Alqadima,30.015501,31.233542,1.0,27
Cairo,Misr Alqadima,29.994952,31.231662,1.0,27
Cairo,Misr Alqadima,30.006152,31.229647,1.0,27
Cairo,Misr Alqadima,30.00652241,31.24911846,3.0,27
Cairo,Misr Alqadima,30.01571569,31.22335074,3.0,27
Cairo,Misr Alqadima,29.98392836,31.23075394,3.0,27
Cairo,Misr Alqadima,30.006152,31.229647,1.0,27
Cairo,Misr Alqadima,29.994952,31.231662,1.0,27
Cairo,Misr Alqadima,30.015501,31.233542,2.0,27
Cairo,Misr Alqadima,30.002444,31.243505,2.0,27
Cairo,Misr Alqadima,30.005656,31.232944,1.0,27
Cairo,Misr Alqadima,30.00282256,31.24248562,3.0,27
Cairo,Misr Alqadima,30.012223,31.223511,3.0,27
Cairo,Nasr City,30.06062849,31.32319794,3.0,2
Cairo,Nasr City,30.050569,31.356527,1.0,29
Cairo,Nasr City,30.056007,31.346339,1.0,29
Cairo,Nasr City,30.054456,31.31152,1.0,2
Cairo,Nasr City,30.038474,31.341186,1.0,29
Cairo,Nasr City,30.07757993,31.31383907,1.0,2
Cairo,Nasr City,30.064017,31.306402,1.0,2
Cairo,Nasr City,30.066072,31.323309,3.0,2
Cairo,Nasr City,30.08232996,31.34290095,3.0,29
Cairo,Nasr City,30.072622,31.358137,1.0,29
Cairo,Nasr City,30.072645,31.357945,1.0,29
Cairo,Nasr City,30.071375,31.296707,3.0,7
Cairo,Nasr City,30.073926,31.309334,1.0,2
Cairo,Nasr City,30.059645,31.324116,1.0,2
Cairo,Nasr City,30.074334,31.324551,3.0,2
Cairo,Nasr City,30.060746,31.300799,1.0,7
Cairo,Nasr City,30.061573,31.337668,1.0,29
Cairo,Nasr City,30.021116,31.373844,3.0,15
Cairo,Nasr City,30.021804,31.374261,3.0,15
Cairo,Nasr City,30.086085,31.347757,1.0,10
Cairo,Nasr City,30.061185,31.332125,1.0,29
Cairo,Nasr City,30.068236,31.329351,3.0,2
Cairo,Nasr City,30.058933,31.282901,1.0,25
Cairo,Nasr City,30.066591,31.289336,1.0,7
Cairo,Nasr City,30.057131,31.345627,1.0,29
Cairo,Nasr City,30.073913,31.343591,1.0,29
Cairo,Nasr City,30.051033,31.347675,1.0,29
Cairo,Nasr City,30.040085,31.378139,1.0,15
Cairo,Nasr City,30.061677,31.336605,1.0,29
Cairo,Nasr City,30.054883,31.361711,1.0,29
Cairo,Nasr City,30.073112,31.344683,1.0,29
Cairo,Nasr City,30.073467,31.345334,1.0,29
Cairo,Nasr City,30.073347,31.345358,3.0,29
Cairo,Nasr City,30.068912,31.342072,1.0,29
Cairo,Nasr City,30.080954,31.334259,1.0,2
Cairo,Nasr City,30.062789,31.360657,1.0,29
Cairo,Nasr City,30.079793,31.327045,1.0,2
Cairo,Nasr City,29.98573,31.357187,3.0,9
Cairo,Nasr City,30.07038,31.321645,1.0,2
Cairo,Nasr City,30.050807,31.393329,1.0,15
Cairo,Nasr City,30.062202,31.355811,1.0,29
Cairo,Nasr City,30.037823,31.343089,1.0,29
Cairo,Nasr City,30.052775,31.331613,1.0,29
Cairo,Nasr City,30.050854,31.379461,1.0,15
Cairo,Nasr City,30.049008,31.399206,1.0,15
Cairo,Nasr City,30.056744,31.338335,1.0,29
Cairo,Nasr City,30.04627545,31.33983505,1.0,29
Cairo,Nasr City,30.06906531,31.34331487,3.0,29
Cairo,Nasr City,30.07279859,31.34540162,3.0,29
Cairo,Nasr City,30.0748818,31.32252295,3.0,2
Cairo,Nasr City,30.0636962,31.33101161,1.0,2
Cairo,Nasr City,30.0609354,31.34501749,3.0,29
Cairo,Nasr City,30.078316,31.347774,3.0,29
Cairo,Nasr City,30.078701,31.318031,1.0,2
Cairo,Nasr City,30.05101915,31.39503707,1.0,15
Cairo,Nasr City,30.07079906,31.35522601,1.0,29
Cairo,Nasr City,30.074058,31.343571,3.0,29
Cairo,Nasr City,30.057762,31.324584,1.0,2
Cairo,Nasr City,30.053078,31.37607,1.0,15
Cairo,Nasr City,30.081625,31.328815,1.0,2
Cairo,Nasr City,30.046385,31.351729,1.0,29
Cairo,Nasr City,30.043623,31.331293,1.0,29
Cairo,Nasr City,30.059022,31.327268,1.0,2
Cairo,Nasr City,30.08061,31.408165,3.0,26
Cairo,Nasr City,30.073239,31.300957,3.0,7
Cairo,Nasr City,30.073438,31.317856,1.0,2
Cairo,Nasr City,30.083331,31.328934,1.0,2
Cairo,Nasr City,30.07432091,31.31629437,1.0,2
Cairo,Nasr City,30.068125,31.349121,1.0,29
Cairo,Nasr City,30.067183,31.335607,1.0,29
Cairo,Nasr City,30.07937,31.318807,1.0,2
Cairo,Nasr City,30.079447,31.318632,1.0,2
Cairo,Nasr City,30.056091,31.299116,1.0,7
Cairo,Nasr City,30.051949,31.342487,1.0,29
Cairo,Nasr City,30.070444,31.42687,3.0,26
Cairo,Nasr City,30.068397,31.319048,1.0,2
Cairo,Nasr City,30.048133,31.309555,1.0,2
Cairo,Nasr City,30.052837,31.378348,1.0,15
Cairo,Nasr City,30.06865,31.343462,1.0,29
Cairo,Nasr City,30.078683,31.314953,1.0,2
Cairo,Nasr City,30.060595,31.300652,1.0,7
Cairo,Nasr City,30.07346706,31.34533415,3.0,29
Cairo,Nasr City,30.07311234,31.3446828,3.0,29
Cairo,Nasr City,30.07044448,31.42686961,3.0,26
Cairo,Nasr City,30.06389743,31.32570881,1.0,2
Cairo,Nasr City,30.05767962,31.32593967,1.0,2
Cairo,Nasr City,30.0750136,31.30881313,1.0,2
Cairo,Nasr City,30.07594681,31.32025992,1.0,2
Cairo,Nasr City,30.04640789,31.31849154,1.0,2
Cairo,Nasr City,30.08054248,31.40113886,3.0,5
Cairo,Nasr City,30.02182888,31.36741371,1.0,15
Cairo,Nasr City,30.07780453,31.31911304,3.0,2
Cairo,Nasr City,30.07665516,31.35553021,1.0,29
Cairo,Nasr City,30.05147142,31.39725793,3.0,15
Cairo,Nasr City,30.06582717,31.31976267,3.0,2
Cairo,Nasr City,30.04929874,31.40604925,3.0,15
Cairo,Nasr City,30.06211033,31.29932324,3.0,7
Cairo,Nasr City,30.0158817,31.39308645,3.0,9
Cairo,Nasr City,30.02245391,31.34335268,3.0,29
Cairo,Nasr City,30.04385111,31.38128734,3.0,15
Cairo,Nasr City,30.06829986,31.32991213,3.0,2
Cairo,Nasr City,30.0676093,31.32991116,3.0,2
Cairo,Nasr City,30.078316,31.347774,3.0,29
Cairo,Nasr City,30.051033,31.347675,1.0,29
Cairo,Nasr City,30.062202,31.355811,2.0,29
Cairo,Nasr City,30.059022,31.327268,1.0,2
Cairo,Nasr City,30.048133,31.309555,2.0,2
Cairo,Nasr City,30.037823,31.343089,1.0,29
Cairo,Nasr City,30.06865,31.343462,2.0,29
Cairo,Nasr City,30.061573,31.337668,1.0,29
Cairo,Nasr City,30.064017,31.306402,1.0,2
Cairo,Nasr City,30.043623,31.331293,2.0,29
Cairo,Nasr City,30.053078,31.37607,2.0,15
Cairo,Nasr City,30.068125,31.349121,1.0,29
Cairo,Nasr City,30.074334,31.324551,3.0,2
Cairo,Nasr City,30.046385,31.351729,1.0,29
Cairo,Nasr City,30.056744,31.338335,2.0,29
Cairo,Nasr City,30.057131,31.345627,2.0,29
Cairo,Nasr City,30.050807,31.393329,2.0,15
Cairo,Nasr City,30.058933,31.282901,1.0,25
Cairo,Nasr City,30.073347,31.345358,3.0,29
Cairo,Nasr City,30.073913,31.343591,2.0,29
Cairo,Nasr City,30.040085,31.378139,2.0,15
Cairo,Nasr City,30.068236,31.329351,3.0,2
Cairo,Nasr City,30.054883,31.361711,1.0,29
Cairo,Nasr City,30.07853909,31.34457206,1.0,29
Cairo,Nasr City,30.08405197,31.32785804,3.0,2
Cairo,Nasr City,30.073438,31.317856,3.0,2
Cairo,Nasr City,30.083331,31.328934,3.0,2
Cairo,Nasr City,30.073239,31.300957,3.0,7
Cairo,Nasr City,30.07937,31.318807,1.0,2
Cairo,Nasr City,30.057762,31.324584,1.0,2
Cairo,Nasr City,30.079447,31.318632,1.0,2
Cairo,Nasr City,30.07833124,31.32670017,3.0,2
Cairo,Nasr City,30.06063514,31.33719443,3.0,29
Cairo,Nasr City,30.06220236,31.34481454,1.0,29
Cairo,Nasr City,30.07841278,31.31827284,1.0,2
Cairo,Nasr City,30.08118229,31.32810179,3.0,2
Cairo,Nasr City,30.068404,31.34269332,3.0,29
Cairo,Nasr City,30.08061,31.408165,3.0,26
Cairo,Nasr City,30.058529,31.302285,3.0,2
Cairo,Nasr City,29.98573,31.357187,3.0,9
Cairo,Nasr City,30.074058,31.343571,1.0,29
Cairo,Nasr City,30.050569,31.356527,1.0,29
Cairo,Nasr City,30.052775,31.331613,1.0,29
Cairo,Nasr City,30.062789,31.360657,2.0,29
Cairo,Nasr City,30.080305,31.464497,3.0,21
Cairo,Nasr City,30.052837,31.378348,2.0,15
Cairo,Nasr City,30.051949,31.342487,2.0,29
Cairo,Nasr City,30.080954,31.334259,1.0,2
Cairo,Nasr City,30.081625,31.328815,2.0,2
Cairo,Nasr City,30.086085,31.347757,1.0,10
Cairo,Nasr City,30.061185,31.332125,1.0,29
Cairo,Nasr City,30.021804,31.374261,3.0,15
Cairo,Nasr City,30.021116,31.373844,3.0,15
Cairo,Nasr City,30.050854,31.379461,1.0,15
Cairo,Nasr City,30.049008,31.399206,1.0,15
Cairo,Nasr City,30.060746,31.300799,1.0,7
Cairo,Nasr City,30.079793,31.327045,1.0,2
Cairo,Nasr City,30.072645,31.357945,1.0,29
Cairo,Nasr City,30.072622,31.358137,1.0,29
Cairo,Nasr City,30.038474,31.341186,3.0,29
Cairo,Nasr City,30.10082726,31.37601417,3.0,5
Cairo,Nasr City,30.081028,31.330002,2.0,2
Cairo,Nasr City,30.05925054,31.32563954,2.0,2
Cairo,Nasr City,30.05874107,31.30404921,2.0,2
Cairo,Nasr City,30.066072,31.323309,3.0,2
Cairo,Nasr City,30.06606,31.298696,3.0,7
Cairo,Nasr City,30.075947,31.32026,3.0,2
Cairo,Nasr City,30.057548,31.29088,3.0,7
Cairo,Nasr City,30.048827,31.380462,3.0,15
Cairo,New Cairo,29.9968665,31.4205009,3.0,23
Cairo,New Cairo,30.041046,31.490683,1.0,6
Cairo,New Cairo,30.029479,31.410052,3.0,15
Cairo,New Cairo,30.008313,31.400813,3.0,9
Cairo,New Cairo,30.021021,31.434115,1.0,23
Cairo,New Cairo,30.019252,31.435919,1.0,23
Cairo,New Cairo,30.017033,31.433653,1.0,23
Cairo,New Cairo,30.020047,31.466243,1.0,6
Cairo,New Cairo,30.027783,31.488614,3.0,6
Cairo,New Cairo,30.074185,31.503761,3.0,21
Cairo,New Cairo,30.006726,31.455715,1.0,23
Cairo,New Cairo,30.022105,31.424526,1.0,23
Cairo,New Cairo,30.049453,31.441789,3.0,26
Cairo,New Cairo,30.017765,31.527389,1.0,6
Cairo,New Cairo,30.015194,31.499974,3.0,6
Cairo,New Cairo,30.010305,31.437537,1.0,23
Cairo,New Cairo,30.080305,31.464497,1.0,21
Cairo,New Cairo,30.05312628,31.43020868,3.0,26
Cairo,New Cairo,30.05318408,31.48848524,3.0,21
Cairo,New Cairo,30.05009922,31.51482295,3.0,21
Cairo,New Cairo,30.0765279,31.45310821,3.0,26
Cairo,New Cairo,30.02125284,31.49060271,3.0,6
Cairo,New Cairo,30.04224101,31.47533565,3.0,6
Cairo,New Cairo,30.01874086,31.42971237,1.0,23
Cairo,New Cairo,30.02597769,31.48171885,3.0,6
Cairo,New Cairo,30.029769,31.407076,3.0,15
Cairo,New Cairo,30.061023,31.418379,3.0,26
Cairo,New Cairo,30.073466,31.432398,3.0,26
Cairo,New Cairo,30.033171,31.511093,1.0,6
Cairo,New Cairo,30.006031,31.426481,1.0,23
Cairo,New Cairo,30.018865,31.480086,1.0,6
Cairo,New Cairo,30.029211,31.496333,1.0,6
Cairo,New Cairo,30.063762,31.467606,1.0,21
Cairo,New Cairo,30.061628,31.444981,1.0,26
Cairo,New Cairo,30.02585,31.495893,1.0,6
Cairo,New Cairo,30.020854,31.495367,1.0,6
Cairo,New Cairo,30.034653,31.485262,3.0,6
Cairo,New Cairo,30.004308,31.424826,1.0,23
Cairo,New Cairo,30.003282,31.421397,1.0,23
Cairo,New Cairo,30.031813,31.475695,1.0,6
Cairo,New Cairo,30.05758644,31.50922046,3.0,21
Cairo,New Cairo,30.003282,31.421397,1.0,23
Cairo,New Cairo,30.00288576,31.42443605,3.0,23
Cairo,New Cairo,30.00621817,31.42522886,1.0,23
Cairo,New Cairo,30.0277774,31.40709366,3.0,15
Cairo,New Cairo,30.2136625,31.68213934,1.0,12
Cairo,New Cairo,30.02558063,31.45554631,3.0,23
Cairo,New Cairo,30.10544942,31.63057253,3.0,3
Cairo,New Cairo,30.01757676,31.53391574,3.0,6
Cairo,New Cairo,30.00300663,31.52062134,3.0,6
Cairo,New Cairo,30.01385437,31.50101486,3.0,6
Cairo,New Cairo,30.07990991,31.45414733,3.0,26
Cairo,New Cairo,29.99550971,31.39564854,3.0,9
Cairo,New Cairo,30.00672604,31.45571497,1.0,23
Cairo,New Cairo,30.04583368,31.48427937,3.0,6
Cairo,New Cairo,30.02848752,31.4978628,3.0,6
Cairo,New Cairo,30.09872355,31.64426163,3.0,3
Cairo,New Cairo,30.08857014,31.64786805,3.0,3
Cairo,New Cairo,30.08232406,31.64713042,3.0,3
Cairo,New Cairo,30.08457234,31.63764081,1.0,3
Cairo,New Cairo,30.09600892,31.64068274,1.0,3
Cairo,New Cairo,30.02750667,31.4784308,3.0,6
Cairo,New Cairo,30.028048,31.4773422,3.0,6
Cairo,New Cairo,30.06662755,31.49710406,1.0,21
Cairo,New Cairo,30.041046,31.490683,1.0,6
Cairo,New Cairo,30.031813,31.475695,1.0,6
Cairo,New Cairo,30.015194,31.499974,3.0,6
Cairo,New Cairo,30.029211,31.496333,2.0,6
Cairo,New Cairo,30.029769,31.407076,3.0,15
Cairo,New Cairo,30.020047,31.466243,2.0,6
Cairo,New Cairo,30.061023,31.418379,3.0,26
Cairo,New Cairo,30.017033,31.433653,2.0,23
Cairo,New Cairo,30.004308,31.424826,1.0,23
Cairo,New Cairo,30.018865,31.480086,1.0,6
Cairo,New Cairo,30.006031,31.426481,2.0,23
Cairo,New Cairo,30.016703,31.41206,3.0,23
Cairo,New Cairo,30.010305,31.437537,1.0,23
Cairo,New Cairo,30.033171,31.511093,1.0,6
Cairo,New Cairo,30.017765,31.527389,2.0,6
Cairo,New Cairo,30.061628,31.444981,2.0,26
Cairo,New Cairo,30.01707395,31.43144208,3.0,23
Cairo,New Cairo,29.97634261,31.54357526,3.0,19
Cairo,New Cairo,30.03029331,31.45698432,1.0,23
Cairo,New Cairo,30.12849917,31.29653226,3.0,16
Cairo,New Cairo,30.063762,31.467606,1.0,21
Cairo,New Cairo,30.01878575,31.42543817,3.0,23
Cairo,New Cairo,30.06358386,31.46763178,3.0,21
Cairo,New Cairo,30.0130817,31.44017426,3.0,23
Cairo,New Cairo,30.015814,31.48428,3.0,6
Cairo,New Cairo,30.01083344,31.44111104,3.0,23
Cairo,New Cairo,30.06490018,31.53883243,3.0,21
Cairo,New Cairo,30.02931247,31.42285061,1.0,23
Cairo,New Cairo,30.008313,31.400813,3.0,9
Cairo,New Cairo,30.021021,31.434115,1.0,23
Cairo,New Cairo,30.074185,31.503761,3.0,21
Cairo,New Cairo,30.022105,31.424526,1.0,23
Cairo,New Cairo,30.020854,31.495367,1.0,6
Cairo,New Cairo,30.073466,31.432398,3.0,26
Cairo,New Cairo,30.019252,31.435919,1.0,23
Cairo,New Cairo,30.034653,31.485262,1.0,6
Cairo,New Cairo,30.049481,31.441845,3.0,26
Cairo,New Cairo,30.028048,31.477342,3.0,6
Cairo,New Cairo,30.059274,31.444113,3.0,26
Cairo,New Cairo,30.016703,31.41206,3.0,23
Cairo,New Capital,29.929662,31.538503,1.0,19
Cairo,New Capital,30.081036,31.848537,3.0,13
Cairo,New Capital,30.02637566,31.71086326,1.0,24
Cairo,New Capital,30.02637566,31.71086326,1.0,24
Cairo,New Capital,29.929662,31.538503,2.0,19
Cairo,New Capital,30.02384137,31.72020673,1.0,24
Cairo,New Capital,30.081036,31.848537,3.0,13
Cairo,Ramsis,30.06261,31.248379,1.0,28
Cairo,Ramsis,30.069089,31.267855,1.0,25
Cairo,Ramsis,30.06057839,31.24587785,1.0,28
Cairo,Ramsis,30.061171,31.24572,1.0,28
Cairo,Ramsis,30.069089,31.267855,1.0,25
Cairo,Ramsis,30.071591,31.288335,1.0,7
Cairo,Ramsis,30.061171,31.24572,1.0,28
Cairo,Ramsis,30.06261,31.248379,2.0,28
Cairo,Rod El Farag,30.073931,31.235516,1.0,28
Cairo,Rod El Farag,30.081699,31.236658,1.0,14
Cairo,Rod El Farag,30.0711,31.245006,1.0,28
Cairo,Rod El Farag,30.073931,31.235516,2.0,28
Cairo,Rod El Farag,30.07534,31.2286,2.0,28
Cairo,Rod El Farag,30.081699,31.236658,1.0,14
Cairo,Saqr Qorish,29.98571,31.287043,1.0,20
Cairo,Saqr Qorish,29.98458078,31.28444763,1.0,20
Cairo,Sheraton,30.10773405,31.37924023,1.0,5
Cairo,Sheraton,30.099976,31.376463,1.0,5
Cairo,Sheraton,30.106829,31.364755,3.0,5
Cairo,Sheraton,30.096523,31.382566,1.0,5
Cairo,Sheraton,30.094947,31.382064,1.0,5
Cairo,Sheraton,30.09067,31.383709,1.0,5
Cairo,Sheraton,30.106894,31.365101,1.0,5
Cairo,Sheraton,30.107001,31.365363,1.0,5
Cairo,Sheraton,30.10655166,31.37527822,3.0,5
Cairo,Sheraton,30.10286383,31.38590017,3.0,5
Cairo,Sheraton,30.096523,31.382566,1.0,5
Cairo,Sheraton,30.099976,31.376463,1.0,5
Cairo,Sheraton,30.100491,31.37245,1.0,5
Cairo,Sheraton,30.09067,31.383709,1.0,5
Cairo,Shubra Masr,30.0797136,31.24532213,3.0,14
Cairo,Shubra Masr,30.06900124,31.24504929,3.0,28
Cairo,Shubra Masr,30.080593,31.245356,1.0,14
Cairo,Shubra Masr,30.072624,31.252356,1.0,14
Cairo,Shubra Masr,30.08415351,31.23464369,3.0,14
Cairo,Shubra Masr,30.09811998,31.24607592,3.0,14
Cairo,Shubra Masr,30.07429299,31.24975022,3.0,14
Cairo,Shubra Masr,30.072624,31.252356,2.0,14
Cairo,Shubra Masr,30.06737713,31.24524989,3.0,28
Cairo,Shubra Masr,30.080593,31.245356,1.0,14
Cairo,Shubra Masr,30.0711,31.245006,1.0,28
Cairo,Tora,29.962686,31.316843,1.0,20
Cairo,Tora,29.96852765,31.3144743,3.0,20
Cairo,Tora,29.925974,31.28757,1.0,4
Cairo,Tora,29.946744,31.272954,1.0,8
Cairo,Tora,29.936416,31.281419,1.0,8
Cairo,Tora,29.92921705,31.2816516,3.0,8
Cairo,Tora,29.94589827,31.26965764,1.0,8
Cairo,Tora,29.925974,31.28757,1.0,4
Cairo,Tora,29.946744,31.272954,1.0,8
Cairo,Tora,29.936416,31.281419,1.0,8
Cairo,Wadi Houf,29.877064,31.317422,1.0,4
Cairo,Wadi Houf,29.877064,31.317422,2.0,4
Cairo,Zamalek,30.05445314,31.21901824,1.0,28
Cairo,Zamalek,30.05974815,31.21978906,3.0,28
Cairo,Zamalek,30.0686343,31.217789,3.0,28
Cairo,Zamalek,30.044997,31.220571,1.0,1
Cairo,Zamalek,30.0610421,31.21761008,3.0,28
Cairo,Zamalek,30.04455803,31.22069607,1.0,1
Cairo,Zamalek,30.044544,31.226786,3.0,1
Cairo,Zamalek,30.064075,31.219599,1.0,28
Cairo,Zamalek,30.04739,31.223963,1.0,1
Cairo,Zamalek,30.057156,31.225345,3.0,28
Cairo,Zamalek,30.041969,31.224798,1.0,1
Cairo,Zamalek,30.06347,31.217011,1.0,28
Cairo,Zamalek,30.05074,31.226001,1.0,1
Cairo,Zamalek,30.067815,31.216579,1.0,28
Cairo,Zamalek,30.0456417,31.2203524,3.0,1
Cairo,Zamalek,30.06373505,31.22075571,3.0,28
Cairo,Zamalek,30.044997,31.220571,2.0,1
Cairo,Zamalek,30.0456417,31.2203524,3.0,1
Cairo,Zamalek,30.0621136,31.21649913,2.0,28
Cairo,Zamalek,30.041969,31.224798,1.0,1
Cairo,Zamalek,30.05074,31.226001,2.0,1
Cairo,Zamalek,30.057156,31.225345,3.0,28
Cairo,Zamalek,30.04739,31.223963,2.0,1
Cairo,Zamalek,30.044544,31.226786,3.0,1
